{
  "products": [
    {
      "id": "oWubUl0SGL6AR-Cl5ZajS",
      "barcode": "8901058017687",
      "name": "maggi",
      "brand": "Maggi",
      "image_url": "https://images.openfoodfacts.org/images/products/890/105/801/7687/front_en.13.400.jpg",
      "nutri_score": "E",
      "eco_score": "UNKNOWN",
      "nova_group": 4,
      "serving_size": "1 portion (70 g)",
      "categories": "[\"Maggi\",\"Maggie\"]",
      "ingredients": "[\"Refined maida\",\"palm oil\",\"lodized salt\",\"wheat gluten\",\"thickeners(500&412)\",\"acidity regulators(501&500)and humectant(451(i)).\"]",
      "allergens": "[\"gluten\"]",
      "nutritional_info": "{\"energy_kj\":0,\"energy_kcal\":384,\"fat\":12.5,\"saturated_fat\":8.2,\"carbohydrates\":59.4,\"sugars\":1.8,\"fiber\":0,\"protein\":8.2,\"salt\":2.5,\"sodium\":1}",
      "nutri_score_details": "{\"negative_points\":0,\"positive_points\":0,\"energy_points\":0,\"sugar_points\":0,\"saturated_fat_points\":0,\"salt_points\":0,\"fiber_points\":0,\"protein_points\":0,\"fruits_vegetables_nuts_points\":0}",
      "packaging": "{\"materials\":[],\"recycling\":\"Check local guidelines\"}",
      "countries_sold": "[\"india\"]",
      "price": 15,
      "currency": "INR",
      "created_date": "2025-11-09T10:24:24.844Z",
      "updated_date": "2025-11-09T10:24:24.844Z"
    },
    {
      "id": "kpCGeB0ZvxSH68kiocBwG",
      "barcode": "IMG-1762684152651",
      "name": "Mom's Magic Cashew & Almond Cookies",
      "brand": "Sunfeast",
      "image_url": "http://localhost:5000/uploads/a091fc4206a13774b3e41be1a1cac5e3",
      "nutri_score": "D",
      "eco_score": "unknown",
      "nova_group": 0,
      "serving_size": "100g",
      "categories": null,
      "ingredients": null,
      "allergens": null,
      "nutritional_info": null,
      "nutri_score_details": null,
      "packaging": null,
      "countries_sold": null,
      "price": 10,
      "currency": "INR",
      "created_date": "2025-11-09T10:29:12.662Z",
      "updated_date": "2025-11-09T11:08:24.169Z"
    },
    {
      "id": "UVijUfDVrsewQtzlcMjx-",
      "barcode": "IMG-1762685212337",
      "name": "Biscotti",
      "brand": "Bisk Farm",
      "image_url": "http://localhost:5000/uploads/3b9565a696cef71c9c406c3612eabdc8",
      "nutri_score": "D",
      "eco_score": "unknown",
      "nova_group": 0,
      "serving_size": "Per 100g",
      "categories": "[\"Biscuits\"]",
      "ingredients": "[\"Refined Wheat Flour (Maida) (73%)\",\"Sugar\",\"Edible Vegetable Oil (Palm)\",\"Invert Syrup\",\"Milk Solids (1.1%)\",\"Raising Agents [503(ii) & 500(ii)]\",\"Iodised Salt\",\"Emulsifiers [322(i) from Soyabean & 471]\",\"Dough Conditioner (223)\",\"Contains Added Flavour(s) (Artificial Flavouring Substances- Vanilla & Milk)\"]",
      "allergens": "[\"Wheat\",\"Milk\",\"Soy\"]",
      "nutritional_info": "{\"energy_kj\":0,\"energy_kcal\":468,\"fat\":17.5,\"saturated_fat\":8.7,\"carbohydrates\":70.5,\"sugars\":28.6,\"fiber\":1.5,\"protein\":6.4,\"salt\":0.7,\"sodium\":0}",
      "nutri_score_details": "{\"negative_points\":0,\"positive_points\":0,\"energy_points\":0,\"sugar_points\":0,\"saturated_fat_points\":0,\"salt_points\":0,\"fiber_points\":0,\"protein_points\":0,\"fruits_vegetables_nuts_points\":0}",
      "packaging": "{\"materials\":[],\"recycling\":\"Check local guidelines\"}",
      "countries_sold": "[\"India\"]",
      "price": 30,
      "currency": "INR",
      "created_date": "2025-11-09T10:46:52.352Z",
      "updated_date": "2025-11-09T10:46:52.352Z"
    },
    {
      "id": "6rWmzxopVen669jjjgs87",
      "barcode": "IMG-1762694081125",
      "name": "Nourish You Gluten Free Multigrain Atta",
      "brand": "Nourish You",
      "image_url": "http://localhost:5000/uploads/d2a461131dcaab5cfd89ffcc5fab2ee4",
      "nutri_score": "B",
      "eco_score": "unknown",
      "nova_group": 0,
      "serving_size": "100g",
      "categories": "[\"Flour\"]",
      "ingredients": "[\"Amaranth (Rajgira) Flour (30%)\",\"Sorghum (Jowar) Flour (30%)\",\"Bengal Gram (Chana) Flour (20%)\",\"Tapioca Starch (Sago) Flour (10%)\",\"Oats Flour (10%)\"]",
      "allergens": "[\"None\"]",
      "nutritional_info": "{\"energy_kj\":0,\"energy_kcal\":362,\"fat\":4.8,\"saturated_fat\":0.8,\"carbohydrates\":67.6,\"sugars\":3.2,\"fiber\":7.8,\"protein\":10.4,\"salt\":0,\"sodium\":0}",
      "nutri_score_details": "{\"negative_points\":0,\"positive_points\":0,\"energy_points\":0,\"sugar_points\":0,\"saturated_fat_points\":0,\"salt_points\":0,\"fiber_points\":0,\"protein_points\":0,\"fruits_vegetables_nuts_points\":0}",
      "packaging": "{\"materials\":[\"Paper\",\"Plastic\"],\"recycling\":\"Check local guidelines\"}",
      "countries_sold": "[\"India\"]",
      "price": 299,
      "currency": "INR",
      "created_date": "2025-11-09T13:14:41.130Z",
      "updated_date": "2025-11-09T13:14:41.130Z"
    },
    {
      "id": "qixLEzTdsq9k4YNtwr6zN",
      "barcode": "7613035736047",
      "name": "KitKat",
      "brand": "Nestle",
      "image_url": "https://images.openfoodfacts.org/images/products/761/303/573/6047/front_en.13.400.jpg",
      "nutri_score": "E",
      "eco_score": "UNKNOWN",
      "nova_group": 0,
      "serving_size": "41g",
      "categories": "[\"Milk-chocolate-wafer-fingers\"]",
      "ingredients": "[\"\"]",
      "allergens": "[]",
      "nutritional_info": "{\"energy_kj\":0,\"energy_kcal\":209,\"fat\":10.2,\"saturated_fat\":13.7,\"carbohydrates\":26.1,\"sugars\":21.3,\"fiber\":0.9,\"protein\":2.8,\"salt\":0.1,\"sodium\":0.04}",
      "nutri_score_details": "{\"negative_points\":0,\"positive_points\":0,\"energy_points\":0,\"sugar_points\":0,\"saturated_fat_points\":0,\"salt_points\":0,\"fiber_points\":0,\"protein_points\":0,\"fruits_vegetables_nuts_points\":0}",
      "packaging": "{\"materials\":[],\"recycling\":\"Check local guidelines\"}",
      "countries_sold": "[\"united-kingdom\"]",
      "price": 20,
      "currency": "INR",
      "created_date": "2025-11-09T13:18:30.833Z",
      "updated_date": "2025-11-09T13:18:30.833Z"
    },
    {
      "id": "8J-OFSBADbLN7zhK_ufYY",
      "barcode": "6291007901092",
      "name": "50-50 Sweet & Salty Crackers",
      "brand": "Unknown Brand",
      "image_url": "https://images.openfoodfacts.org/images/products/629/100/790/1092/front_en.3.400.jpg",
      "nutri_score": "UNKNOWN",
      "eco_score": "UNKNOWN",
      "nova_group": 0,
      "serving_size": "100g",
      "categories": "[]",
      "ingredients": "[]",
      "allergens": "[]",
      "nutritional_info": "{\"energy_kj\":0,\"energy_kcal\":0,\"fat\":0,\"saturated_fat\":0,\"carbohydrates\":0,\"sugars\":0,\"fiber\":0,\"protein\":0,\"salt\":0,\"sodium\":0}",
      "nutri_score_details": "{\"negative_points\":0,\"positive_points\":0,\"energy_points\":0,\"sugar_points\":0,\"saturated_fat_points\":0,\"salt_points\":0,\"fiber_points\":0,\"protein_points\":0,\"fruits_vegetables_nuts_points\":0}",
      "packaging": "{\"materials\":[],\"recycling\":\"Check local guidelines\"}",
      "countries_sold": "[\"kuwait\"]",
      "price": 30,
      "currency": "INR",
      "created_date": "2025-11-09T13:45:41.781Z",
      "updated_date": "2025-11-09T13:45:41.781Z"
    },
    {
      "id": "VpwverSC-d5mQ7DaoNael",
      "barcode": "8901491101837",
      "name": "Lays Classics Salted 20rs",
      "brand": "Lay's",
      "image_url": "https://images.openfoodfacts.org/images/products/890/149/110/1837/front_en.14.400.jpg",
      "nutri_score": "D",
      "eco_score": "C",
      "nova_group": 3,
      "serving_size": "100g",
      "categories": "[\"Plant-based foods and beverages\",\"Plant-based foods\",\"Snacks\",\"Cereals and potatoes\",\"Salty snacks\",\"Appetizers\",\"Chips and fries\",\"Crisps\",\"Potato crisps\"]",
      "ingredients": "[\"Potato\",\"Edible Vegetable Oil (Palmolein Oil\",\"Rice Bran Oil)\",\"Salt (1%).\"]",
      "allergens": "[]",
      "nutritional_info": "{\"energy_kj\":0,\"energy_kcal\":554,\"fat\":35.5,\"saturated_fat\":14,\"carbohydrates\":51.7,\"sugars\":2.6,\"fiber\":0,\"protein\":7,\"salt\":0.51,\"sodium\":0.204}",
      "nutri_score_details": "{\"negative_points\":0,\"positive_points\":0,\"energy_points\":0,\"sugar_points\":0,\"saturated_fat_points\":0,\"salt_points\":0,\"fiber_points\":0,\"protein_points\":0,\"fruits_vegetables_nuts_points\":0}",
      "packaging": "{\"materials\":[\"en:cardboard-box\"],\"recycling\":\"Check local guidelines\"}",
      "countries_sold": "[\"india\"]",
      "price": 20,
      "currency": "INR",
      "created_date": "2025-11-09T13:46:50.440Z",
      "updated_date": "2025-11-09T13:46:50.440Z"
    },
    {
      "id": "8xeY75rERl3gDMUrd1_b_",
      "barcode": "IMG-1762696093920",
      "name": "Bisk Farm Just Cream Biscuits - Vanilla",
      "brand": "Bisk Farm",
      "image_url": "http://localhost:5000/uploads/0537100a84aeb093d7a83fc351486da3",
      "nutri_score": "D",
      "eco_score": "unknown",
      "nova_group": 0,
      "serving_size": "100g",
      "categories": null,
      "ingredients": null,
      "allergens": null,
      "nutritional_info": null,
      "nutri_score_details": null,
      "packaging": null,
      "countries_sold": null,
      "price": 10,
      "currency": "INR",
      "created_date": "2025-11-09T13:48:13.926Z",
      "updated_date": "2025-11-10T05:06:15.646Z"
    },
    {
      "id": "eaY28nnxUBOIKbXFAT4kN",
      "barcode": "8901491100519",
      "name": "Kurkure",
      "brand": "Kurkure",
      "image_url": "https://images.openfoodfacts.org/images/products/890/149/110/0519/front_en.48.400.jpg",
      "nutri_score": "E",
      "eco_score": "UNKNOWN",
      "nova_group": 4,
      "serving_size": "20 g",
      "categories": "[\"Snacks\",\"Salty snacks\",\"Namkeen\",\"en:crisps\"]",
      "ingredients": "[\"Cereal Products (66%) (Rice Meal (43.5%)\",\"Corn Meal (23%))\",\"Edible Vegetable Oil (Palmolein)\",\"*Seasoning (~Spices and Condiments\",\"lodised Salt\",\"Sugar\",\"Flavour (Natural and Nature Identical Flavouring Substances)\",\"Black Salt\",\"Tomato Powder\",\"Acidity Regulators (330\",\"296\",\"334)\",\"Colour(160c)\",\"Maltodextrin)\",\"Gram Meal (0.5%).\"]",
      "allergens": "[]",
      "nutritional_info": "{\"energy_kj\":0,\"energy_kcal\":557,\"fat\":33.7,\"saturated_fat\":7.7,\"carbohydrates\":57.7,\"sugars\":2.2,\"fiber\":0,\"protein\":6,\"salt\":1.99,\"sodium\":0.796}",
      "nutri_score_details": "{\"negative_points\":0,\"positive_points\":0,\"energy_points\":0,\"sugar_points\":0,\"saturated_fat_points\":0,\"salt_points\":0,\"fiber_points\":0,\"protein_points\":0,\"fruits_vegetables_nuts_points\":0}",
      "packaging": "{\"materials\":[\"en:plastic\"],\"recycling\":\"Check local guidelines\"}",
      "countries_sold": "[\"canada\",\"france\",\"india\",\"nepal\",\"spain\"]",
      "price": 20,
      "currency": "INR",
      "created_date": "2025-11-10T05:18:45.056Z",
      "updated_date": "2025-11-10T05:18:45.056Z"
    },
    {
      "id": "v7U2UEHu6VW3CB13LXFud",
      "barcode": "8901725012953",
      "name": "sunfeast Marie light 10 MRP",
      "brand": "Coffee-Mate",
      "image_url": "https://images.openfoodfacts.org/images/products/890/172/501/2953/front_en.4.400.jpg",
      "nutri_score": "UNKNOWN",
      "eco_score": "C",
      "nova_group": 0,
      "serving_size": "100g",
      "categories": "[\"en:biscuits\"]",
      "ingredients": "[]",
      "allergens": "[]",
      "nutritional_info": "{\"energy_kj\":0,\"energy_kcal\":0,\"fat\":0,\"saturated_fat\":0,\"carbohydrates\":0,\"sugars\":0,\"fiber\":0,\"protein\":0,\"salt\":0,\"sodium\":0}",
      "nutri_score_details": "{\"negative_points\":0,\"positive_points\":0,\"energy_points\":0,\"sugar_points\":0,\"saturated_fat_points\":0,\"salt_points\":0,\"fiber_points\":0,\"protein_points\":0,\"fruits_vegetables_nuts_points\":0}",
      "packaging": "{\"materials\":[],\"recycling\":\"Check local guidelines\"}",
      "countries_sold": "[\"india\"]",
      "price": 10,
      "currency": "INR",
      "created_date": "2025-11-11T05:06:18.429Z",
      "updated_date": "2025-11-11T05:06:18.429Z"
    },
    {
      "id": "8RIeU_absprMsEGGocydS",
      "barcode": "TXT-1762842012582",
      "name": "Product with EAN 8901262200196",
      "brand": "Unknown",
      "image_url": "",
      "nutri_score": "D",
      "eco_score": "unknown",
      "nova_group": 0,
      "serving_size": "2 biscuits (approx. 25g)",
      "categories": "[\"Biscuit\"]",
      "ingredients": "[\"Wheat Flour\",\"Sugar\",\"Vegetable Oil\",\"Milk Solids\",\"Raising Agents\",\"Emulsifiers\",\"Salt\",\"Flavourings\"]",
      "allergens": "[\"Wheat\",\"Milk\"]",
      "nutritional_info": "{\"energy_kj\":1882.8000000000002,\"energy_kcal\":450,\"fat\":20,\"saturated_fat\":10,\"carbohydrates\":60,\"sugars\":30,\"fiber\":2,\"protein\":8,\"salt\":0.5,\"sodium\":0.2}",
      "nutri_score_details": "{\"negative_points\":20,\"positive_points\":7,\"energy_points\":5,\"sugar_points\":6,\"saturated_fat_points\":9,\"salt_points\":0,\"fiber_points\":2,\"protein_points\":5,\"fruits_vegetables_nuts_points\":0}",
      "packaging": "{\"materials\":[\"Plastic Wrapper\",\"Cardboard Box\"],\"recycling\":\"Check local guidelines\"}",
      "countries_sold": "[\"India\"]",
      "price": 30,
      "currency": "INR",
      "created_date": "2025-11-11T06:20:12.591Z",
      "updated_date": "2025-11-11T06:20:12.591Z"
    },
    {
      "id": "QFX6CQarb4Jc4B1bG-b5H",
      "barcode": "3017624010701",
      "name": "Nutella",
      "brand": "Ferrero",
      "image_url": "https://images.openfoodfacts.org/images/products/301/762/401/0701/front_en.54.400.jpg",
      "nutri_score": "E",
      "eco_score": "D",
      "nova_group": 4,
      "serving_size": "100g",
      "categories": "[\"Breakfasts\",\"Spreads\",\"Sweet spreads\",\"fr:Pâtes à tartiner\",\"Hazelnut spreads\",\"Chocolate spreads\",\"Cocoa and hazelnuts spreads\"]",
      "ingredients": "[\"sugar\",\"palm oil\",\"hazelnuts\",\"skimmed milk powder\",\"fat reduced cocoa\",\"emulsifier\",\"vanillin.\"]",
      "allergens": "[\"milk\",\"nuts\"]",
      "nutritional_info": "{\"energy_kj\":2255.176,\"energy_kcal\":539,\"fat\":30.9,\"saturated_fat\":10.6,\"carbohydrates\":57.5,\"sugars\":56.3,\"fiber\":0,\"protein\":6.3,\"salt\":0.1075,\"sodium\":0.043,\"fruits_vegetables_nuts_percentage\":0}",
      "nutri_score_details": "{\"negative_points\":28,\"positive_points\":3,\"energy_points\":6,\"sugar_points\":12,\"saturated_fat_points\":10,\"salt_points\":0,\"fiber_points\":0,\"protein_points\":3,\"fruits_vegetables_nuts_points\":0}",
      "packaging": "{\"materials\":[\"en:glass-jar\"],\"recycling\":\"Check local guidelines\"}",
      "countries_sold": "[\"france\",\"united-kingdom\"]",
      "price": 380,
      "currency": "INR",
      "created_date": "2025-11-11T06:21:35.617Z",
      "updated_date": "2025-11-11T06:21:35.617Z"
    },
    {
      "id": "R5ellka0w-14vxc1JlW0X",
      "barcode": "3168930010883",
      "name": "Quaker Cruesli Mélange de noix format spécial",
      "brand": "Cruesli, QUAKER",
      "image_url": "https://images.openfoodfacts.org/images/products/316/893/001/0883/front_fr.4.400.jpg",
      "nutri_score": "B",
      "eco_score": "B",
      "nova_group": 4,
      "serving_size": "45g",
      "categories": "[\"Aliments et boissons à base de végétaux\",\"Aliments d'origine végétale\",\"Petit-déjeuners\",\"Céréales et pommes de terre\",\"Céréales et dérivés\",\"Céréales pour petit-déjeuner\",\"Mueslis\",\"Céréales aux fruits à coques\",\"Pépites de céréales croustillantes\",\"Pépites de céréales aux fruits à coques\"]",
      "ingredients": "[\"AVOINE complète (32%)\",\"BLÉ complet (18%)\",\"sirop de glucose\",\"NOIX 11% (NOISETTES\",\"AMANDES GRILLÉES\",\"NOIX DE PÉCAN\",\"NOIX DU BRÉSIL)\",\"huile de tournesol\",\"sucre\",\"oligofructose\",\"farines de BLÉ et de riz\",\"miel\",\"colorant (caramel E150a)\",\"arômes\",\"antioxydant (tocophérol)\"]",
      "allergens": "[\"gluten\",\"nuts\",\"sesame-seeds\"]",
      "nutritional_info": "{\"energy_kj\":1933.008,\"energy_kcal\":462,\"fat\":19,\"saturated_fat\":2,\"carbohydrates\":57,\"sugars\":12,\"fiber\":10,\"protein\":8.5,\"salt\":0,\"sodium\":0,\"fruits_vegetables_nuts_percentage\":0}",
      "nutri_score_details": "{\"negative_points\":8,\"positive_points\":10,\"energy_points\":5,\"sugar_points\":2,\"saturated_fat_points\":1,\"salt_points\":0,\"fiber_points\":5,\"protein_points\":5,\"fruits_vegetables_nuts_points\":0}",
      "packaging": "{\"materials\":[\"fr:580g\"],\"recycling\":\"Check local guidelines\"}",
      "countries_sold": "[\"france\"]",
      "price": 650,
      "currency": "INR",
      "created_date": "2025-11-11T06:27:51.284Z",
      "updated_date": "2025-11-11T06:27:51.284Z"
    },
    {
      "id": "sNiR4PKDCmAw5oUyhiypY",
      "barcode": "0048151623426",
      "name": "Maryland Choc Chip",
      "brand": "Golden Cookies",
      "image_url": "",
      "nutri_score": "D",
      "eco_score": "D",
      "nova_group": 4,
      "serving_size": "230",
      "categories": "[\"Snacks\",\"Sweet snacks\",\"Biscuits and cakes\",\"Biscuits\"]",
      "ingredients": "[\"Fortified wheat flour\",\"Chocolate chips (25%)\",\"Sugar\",\"Palm oil\",\"Golden syrup\",\"Whey and whey derivatives (Milk)\",\"Raising agents\",\"Salt\",\"Flavouring\"]",
      "allergens": "[\"gluten\",\"milk\"]",
      "nutritional_info": "{\"energy_kj\":4.184,\"energy_kcal\":1,\"fat\":44,\"saturated_fat\":0,\"carbohydrates\":130,\"sugars\":0,\"fiber\":0,\"protein\":11,\"salt\":0,\"sodium\":0,\"fruits_vegetables_nuts_percentage\":0}",
      "nutri_score_details": "{\"negative_points\":0,\"positive_points\":5,\"energy_points\":0,\"sugar_points\":0,\"saturated_fat_points\":0,\"salt_points\":0,\"fiber_points\":0,\"protein_points\":5,\"fruits_vegetables_nuts_points\":0}",
      "packaging": "{\"materials\":[],\"recycling\":\"Check local guidelines\"}",
      "countries_sold": "[\"united-states\"]",
      "price": 30,
      "currency": "INR",
      "created_date": "2025-11-11T08:49:40.682Z",
      "updated_date": "2025-11-11T08:49:40.682Z"
    },
    {
      "id": "GXb7BaMlb7VFG29Zv1nGp",
      "barcode": "6291007901085",
      "name": "50-50 Maska Chaska Crackers",
      "brand": "britannia",
      "image_url": "https://images.openfoodfacts.org/images/products/629/100/790/1085/front_en.8.400.jpg",
      "nutri_score": "UNKNOWN",
      "eco_score": "UNKNOWN",
      "nova_group": 0,
      "serving_size": "100g",
      "categories": "[]",
      "ingredients": "[]",
      "allergens": "[]",
      "nutritional_info": "{\"energy_kj\":0,\"energy_kcal\":0,\"fat\":0,\"saturated_fat\":0,\"carbohydrates\":0,\"sugars\":0,\"fiber\":0,\"protein\":0,\"salt\":0,\"sodium\":0,\"fruits_vegetables_nuts_percentage\":0}",
      "nutri_score_details": "{\"negative_points\":0,\"positive_points\":0,\"energy_points\":0,\"sugar_points\":0,\"saturated_fat_points\":0,\"salt_points\":0,\"fiber_points\":0,\"protein_points\":0,\"fruits_vegetables_nuts_points\":0}",
      "packaging": "{\"materials\":[],\"recycling\":\"Check local guidelines\"}",
      "countries_sold": "[]",
      "price": 30,
      "currency": "INR",
      "created_date": "2025-11-15T03:42:54.295Z",
      "updated_date": "2025-11-15T03:42:54.295Z"
    }
  ],
  "scannedProducts": [
    {
      "id": "oYaHtbZQDUDh_Bj1fQyhY",
      "product_id": "qixLEzTdsq9k4YNtwr6zN",
      "barcode": "7613035736047",
      "product_name": "KitKat",
      "product_brand": "Nestle",
      "product_image": "https://images.openfoodfacts.org/images/products/761/303/573/6047/front_en.13.400.jpg",
      "nutri_score": "E",
      "eco_score": "UNKNOWN",
      "scanned_at": "2025-11-09T13:18:30.905Z",
      "created_date": "2025-11-09T13:18:30.908Z"
    },
    {
      "id": "l64xsnb6zKg6Rf4COfM3_",
      "product_id": "8J-OFSBADbLN7zhK_ufYY",
      "barcode": "6291007901092",
      "product_name": "50-50 Sweet & Salty Crackers",
      "product_brand": "Unknown Brand",
      "product_image": "https://images.openfoodfacts.org/images/products/629/100/790/1092/front_en.3.400.jpg",
      "nutri_score": "UNKNOWN",
      "eco_score": "UNKNOWN",
      "scanned_at": "2025-11-09T13:45:41.841Z",
      "created_date": "2025-11-09T13:45:41.849Z"
    },
    {
      "id": "8gnmo8v-Dl_e3jtZQXGFV",
      "product_id": "VpwverSC-d5mQ7DaoNael",
      "barcode": "8901491101837",
      "product_name": "Lays Classics Salted 20rs",
      "product_brand": "Lay's",
      "product_image": "https://images.openfoodfacts.org/images/products/890/149/110/1837/front_en.14.400.jpg",
      "nutri_score": "D",
      "eco_score": "C",
      "scanned_at": "2025-11-09T13:46:50.475Z",
      "created_date": "2025-11-09T13:46:50.485Z"
    },
    {
      "id": "t85IntBa580mdUO4dl3fx",
      "product_id": "8xeY75rERl3gDMUrd1_b_",
      "barcode": "IMG-1762696093920",
      "product_name": "Bisk Farm Just Cream Biscuits - Vanilla",
      "product_brand": "Bisk Farm",
      "product_image": "http://localhost:5000/uploads/0537100a84aeb093d7a83fc351486da3",
      "nutri_score": "D",
      "eco_score": "unknown",
      "scanned_at": "2025-11-09T13:48:14.098Z",
      "created_date": "2025-11-09T13:48:14.103Z"
    },
    {
      "id": "ZKDfRpHG30F0w7sOQClOS",
      "product_id": "eaY28nnxUBOIKbXFAT4kN",
      "barcode": "8901491100519",
      "product_name": "Kurkure",
      "product_brand": "Kurkure",
      "product_image": "https://images.openfoodfacts.org/images/products/890/149/110/0519/front_en.48.400.jpg",
      "nutri_score": "E",
      "eco_score": "UNKNOWN",
      "scanned_at": "2025-11-10T05:18:45.131Z",
      "created_date": "2025-11-10T05:18:45.136Z"
    },
    {
      "id": "Pg3xOsDXuHcgsONP9m1AB",
      "product_id": "v7U2UEHu6VW3CB13LXFud",
      "barcode": "8901725012953",
      "product_name": "sunfeast Marie light 10 MRP",
      "product_brand": "Coffee-Mate",
      "product_image": "https://images.openfoodfacts.org/images/products/890/172/501/2953/front_en.4.400.jpg",
      "nutri_score": "UNKNOWN",
      "eco_score": "C",
      "scanned_at": "2025-11-11T05:06:18.458Z",
      "created_date": "2025-11-11T05:06:18.482Z"
    },
    {
      "id": "TfmGaMcItRHbc0WQEREGF",
      "product_id": "QFX6CQarb4Jc4B1bG-b5H",
      "barcode": "3017624010701",
      "product_name": "Nutella",
      "product_brand": "Ferrero",
      "product_image": "https://images.openfoodfacts.org/images/products/301/762/401/0701/front_en.54.400.jpg",
      "nutri_score": "E",
      "eco_score": "D",
      "scanned_at": "2025-11-11T06:21:35.639Z",
      "created_date": "2025-11-11T06:21:35.646Z"
    },
    {
      "id": "sQX0q_svTLAFrgydajsXg",
      "product_id": "R5ellka0w-14vxc1JlW0X",
      "barcode": "3168930010883",
      "product_name": "Quaker Cruesli Mélange de noix format spécial",
      "product_brand": "Cruesli, QUAKER",
      "product_image": "https://images.openfoodfacts.org/images/products/316/893/001/0883/front_fr.4.400.jpg",
      "nutri_score": "B",
      "eco_score": "B",
      "scanned_at": "2025-11-11T06:27:51.308Z",
      "created_date": "2025-11-11T06:27:51.314Z"
    },
    {
      "id": "uyDuh4gUsUD6jogSeJNv7",
      "product_id": "GXb7BaMlb7VFG29Zv1nGp",
      "barcode": "6291007901085",
      "product_name": "50-50 Maska Chaska Crackers",
      "product_brand": "britannia",
      "product_image": "https://images.openfoodfacts.org/images/products/629/100/790/1085/front_en.8.400.jpg",
      "nutri_score": "UNKNOWN",
      "eco_score": "UNKNOWN",
      "scanned_at": "2025-11-15T03:42:54.322Z",
      "created_date": "2025-11-15T03:42:54.329Z"
    }
  ],
  "productLists": [],
  "userPreferences": [
    {
      "id": "74aDCQyEXzJIAcRTgyjzu",
      "age": null,
      "gender": "male",
      "height_cm": null,
      "weight_kg": null,
      "allergies": "peanuts",
      "conditions": "[]",
      "custom_conditions": "",
      "notes": "",
      "health_report_url": "",
      "dietary_restrictions": "[]",
      "allergens": "[]",
      "nutritional_goals": "{\"max_sugar_per_100g\":15,\"max_sodium_per_100g\":1,\"min_protein_per_100g\":5,\"min_fiber_per_100g\":3,\"max_saturated_fat_per_100g\":5}",
      "blacklisted_ingredients": "[]",
      "location": "{\"country\":\"\",\"city\":\"\"}",
      "preferred_stores": "[]",
      "dark_mode": 1,
      "language": "en",
      "notifications_enabled": 1,
      "created_date": "2025-11-08T17:17:41.700Z",
      "updated_date": "2025-11-08T17:17:41.700Z"
    },
    {
      "id": "RHNbEcbDHqxim-Vu2OQvY",
      "age": null,
      "gender": "male",
      "height_cm": null,
      "weight_kg": null,
      "allergies": "",
      "conditions": "[]",
      "custom_conditions": "",
      "notes": "",
      "dietary_restrictions": "[]",
      "nutritional_goals": "{\"max_sugar_per_100g\":15,\"max_sodium_per_100g\":1,\"min_protein_per_100g\":5,\"min_fiber_per_100g\":3,\"max_saturated_fat_per_100g\":5}",
      "dark_mode": 1,
      "language": "en",
      "notifications_enabled": 1,
      "allergens": null,
      "blacklisted_ingredients": null,
      "location": null,
      "preferred_stores": null,
      "created_date": "2025-11-08T17:30:48.642Z",
      "updated_date": "2025-11-08T17:30:48.642Z"
    },
    {
      "id": "DeoeMis1PFusr8vY9gDuv",
      "age": null,
      "gender": "male",
      "height_cm": null,
      "weight_kg": null,
      "allergies": "",
      "conditions": "[]",
      "custom_conditions": "",
      "notes": "",
      "dietary_restrictions": "[]",
      "nutritional_goals": "{\"max_sugar_per_100g\":15,\"max_sodium_per_100g\":1,\"min_protein_per_100g\":5,\"min_fiber_per_100g\":3,\"max_saturated_fat_per_100g\":5}",
      "dark_mode": 1,
      "language": "en",
      "notifications_enabled": 1,
      "allergens": null,
      "blacklisted_ingredients": null,
      "location": null,
      "preferred_stores": null,
      "created_date": "2025-11-08T17:30:53.502Z",
      "updated_date": "2025-11-08T17:30:53.502Z"
    },
    {
      "id": "yLd5nubs2l4SBwac9Teyb",
      "age": null,
      "gender": "male",
      "height_cm": null,
      "weight_kg": null,
      "allergies": "peanut",
      "conditions": "[\"none\"]",
      "custom_conditions": "",
      "notes": "",
      "dietary_restrictions": "[]",
      "nutritional_goals": "{\"max_sugar_per_100g\":15,\"max_sodium_per_100g\":1,\"min_protein_per_100g\":5,\"min_fiber_per_100g\":3,\"max_saturated_fat_per_100g\":5}",
      "dark_mode": 1,
      "language": "en",
      "notifications_enabled": 1,
      "allergens": null,
      "blacklisted_ingredients": null,
      "location": null,
      "preferred_stores": null,
      "created_date": "2025-11-08T17:31:08.008Z",
      "updated_date": "2025-11-08T17:31:08.008Z"
    },
    {
      "id": "QnCp36rgwukqmVQvkfhNV",
      "age": null,
      "gender": "male",
      "height_cm": null,
      "weight_kg": null,
      "allergies": "",
      "conditions": "[]",
      "custom_conditions": "",
      "notes": "",
      "dietary_restrictions": "[]",
      "nutritional_goals": "{\"max_sugar_per_100g\":15,\"max_sodium_per_100g\":1,\"min_protein_per_100g\":5,\"min_fiber_per_100g\":3,\"max_saturated_fat_per_100g\":5}",
      "dark_mode": 1,
      "language": "en",
      "notifications_enabled": 1,
      "allergens": null,
      "blacklisted_ingredients": null,
      "location": null,
      "preferred_stores": null,
      "created_date": "2025-11-08T17:32:54.267Z",
      "updated_date": "2025-11-08T17:32:54.267Z"
    },
    {
      "id": "lf44T0MamNqxMcoSp2rFV",
      "age": null,
      "gender": "male",
      "height_cm": null,
      "weight_kg": null,
      "allergies": "",
      "conditions": "[]",
      "custom_conditions": "",
      "notes": "",
      "dietary_restrictions": "[]",
      "nutritional_goals": "{\"max_sugar_per_100g\":15,\"max_sodium_per_100g\":1,\"min_protein_per_100g\":5,\"min_fiber_per_100g\":3,\"max_saturated_fat_per_100g\":5}",
      "dark_mode": 1,
      "language": "en",
      "notifications_enabled": 1,
      "allergens": null,
      "blacklisted_ingredients": null,
      "location": null,
      "preferred_stores": null,
      "created_date": "2025-11-08T17:48:09.927Z",
      "updated_date": "2025-11-08T17:48:09.927Z"
    },
    {
      "id": "3uTP6X-sxu9Xl5NfRaQlx",
      "age": null,
      "gender": "male",
      "height_cm": null,
      "weight_kg": null,
      "allergies": "",
      "conditions": "[\"pescatarian\"]",
      "custom_conditions": "",
      "notes": "",
      "dietary_restrictions": "[]",
      "nutritional_goals": "{\"max_sugar_per_100g\":15,\"max_sodium_per_100g\":1,\"min_protein_per_100g\":5,\"min_fiber_per_100g\":3,\"max_saturated_fat_per_100g\":5}",
      "dark_mode": 1,
      "language": "en",
      "notifications_enabled": 1,
      "allergens": null,
      "blacklisted_ingredients": null,
      "location": null,
      "preferred_stores": null,
      "created_date": "2025-11-08T17:49:32.139Z",
      "updated_date": "2025-11-08T17:49:32.139Z"
    },
    {
      "id": "W_hM-920lkkRPzVPfI-pF",
      "age": null,
      "gender": "male",
      "height_cm": null,
      "weight_kg": null,
      "allergies": "",
      "conditions": "[]",
      "custom_conditions": "",
      "notes": "",
      "dietary_restrictions": "[]",
      "nutritional_goals": "{\"max_sugar_per_100g\":15,\"max_sodium_per_100g\":1,\"min_protein_per_100g\":5,\"min_fiber_per_100g\":3,\"max_saturated_fat_per_100g\":5}",
      "dark_mode": 1,
      "language": "en",
      "notifications_enabled": 1,
      "allergens": null,
      "blacklisted_ingredients": null,
      "location": null,
      "preferred_stores": null,
      "created_date": "2025-11-08T17:57:36.418Z",
      "updated_date": "2025-11-08T17:57:36.418Z"
    },
    {
      "id": "j-j4vq3WZjxb200_z5uFm",
      "created_by": "user@example.com",
      "age": null,
      "gender": "male",
      "height_cm": null,
      "weight_kg": null,
      "allergies": "peanut",
      "conditions": "[\"none\",\"diabetes\"]",
      "custom_conditions": "",
      "notes": "",
      "health_report_url": "",
      "dietary_restrictions": "[]",
      "allergens": [],
      "nutritional_goals": "{\"max_sugar_per_100g\":15,\"max_sodium_per_100g\":1,\"min_protein_per_100g\":5,\"min_fiber_per_100g\":3,\"max_saturated_fat_per_100g\":5}",
      "blacklisted_ingredients": "[]",
      "location": "{\"country\":\"india\",\"city\":\"\"}",
      "preferred_stores": "[]",
      "dark_mode": 1,
      "language": "en",
      "notifications_enabled": 1,
      "created_date": "2025-11-09T10:30:49.630Z",
      "updated_date": "2025-11-09T12:45:06.383Z"
    },
    {
      "id": "PV7kNRHSAmpdK1K9-rjow",
      "created_by": "sanjayefe@gmail.com",
      "age": 22,
      "gender": "male",
      "height_cm": 176,
      "weight_kg": 60,
      "allergies": "peanut, diabeties, suger, sight",
      "conditions": "[\"vegetarian\"]",
      "dietary_restrictions": "[\"vegetarian\"]",
      "notes": "",
      "health_report_url": "",
      "nutritional_goals": "{\"max_sugar_per_100g\":15,\"max_sodium_per_100g\":1,\"min_protein_per_100g\":5,\"min_fiber_per_100g\":3,\"max_saturated_fat_per_100g\":5}",
      "dark_mode": 1,
      "language": "en",
      "notifications_enabled": 1,
      "blacklisted_ingredients": "[]",
      "location": "{}",
      "preferred_stores": "[]",
      "created_date": "2025-11-09T13:09:28.040Z",
      "updated_date": "2025-11-09T13:11:48.064Z",
      "allergens": "[]"
    },
    {
      "id": "0L66fFFetPV68N4ADkJu_",
      "created_by": "kumar@gmail.com",
      "age": 22,
      "gender": "male",
      "height_cm": 176,
      "weight_kg": 60,
      "allergies": "diabeties",
      "conditions": "[]",
      "dietary_restrictions": "[]",
      "notes": "",
      "health_report_url": "",
      "nutritional_goals": "{\"max_sugar_per_100g\":15,\"max_sodium_per_100g\":1,\"min_protein_per_100g\":5,\"min_fiber_per_100g\":3,\"max_saturated_fat_per_100g\":5}",
      "dark_mode": 1,
      "language": "en",
      "notifications_enabled": 1,
      "blacklisted_ingredients": null,
      "location": null,
      "preferred_stores": null,
      "created_date": "2025-11-09T13:14:19.672Z",
      "updated_date": "2025-11-09T13:14:19.672Z"
    },
    {
      "id": "Y50xxEpjoyyxfKTNaFt2z",
      "created_by": "bro@gmail.com",
      "age": 22,
      "gender": "female",
      "height_cm": 176,
      "weight_kg": 80,
      "allergies": "peanuts, garlic",
      "conditions": "[]",
      "dietary_restrictions": "[]",
      "notes": "",
      "health_report_url": "",
      "nutritional_goals": "{\"max_sugar_per_100g\":15,\"max_sodium_per_100g\":1,\"min_protein_per_100g\":5,\"min_fiber_per_100g\":3,\"max_saturated_fat_per_100g\":5}",
      "dark_mode": 1,
      "language": "en",
      "notifications_enabled": 1,
      "blacklisted_ingredients": "[]",
      "location": "{\"country\":\"india\",\"city\":\"visakhapatnam\"}",
      "preferred_stores": "[]",
      "created_date": "2025-11-09T13:43:09.024Z",
      "updated_date": "2025-11-09T13:49:42.167Z",
      "allergens": "[]"
    }
  ],
  "users": [
    {
      "id": "WTGRdrcoz6RgOegJiIYPU",
      "email": "user@example.com",
      "full_name": "User",
      "created_date": "2025-11-08T18:41:14.583Z"
    },
    {
      "id": "Q3cRxmLhwePzWQD1PmUBk",
      "email": "sanjay@gmail.com",
      "full_name": "User",
      "password": "12345",
      "health_data": {},
      "created_date": "2025-11-09T08:00:51.064Z"
    },
    {
      "id": "I-SKO4Y13sSc3mIlTPEqk",
      "email": "sanjayefe@gmail.com",
      "full_name": "sanjayefe",
      "password": "12345",
      "health_data": {},
      "created_date": "2025-11-09T13:09:28.008Z"
    },
    {
      "id": "qp30vSccQHqFdAjb_0wsI",
      "email": "kumar@gmail.com",
      "full_name": "kumar",
      "password": "0892",
      "health_data": {},
      "created_date": "2025-11-09T13:14:19.620Z"
    },
    {
      "id": "OG5BPhhs_8JysYAOnl4qG",
      "email": "bro@gmail.com",
      "full_name": "bro",
      "password": "12345",
      "health_data": {},
      "created_date": "2025-11-09T13:43:08.986Z"
    }
  ],
  "chatConversations": []
}